id,xpos,ypos,type
h_0,0.10717137480930984,0.3189002673157358,house
h_1,0.5781696118527676,0.49672385772986827,house
h_2,0.6038856274522603,0.8801174374607434,house
h_3,0.6028216538286758,0.8492884181797307,house
h_4,0.7117436001763512,0.5373096571935063,house
h_5,0.6955447824033356,0.5511451582522038,house
h_6,0.5705730202354157,0.49093860029185593,house
h_7,0.5473049830021821,0.4343016330099873,house
h_8,0.6681502410956851,0.5489977095419905,house
h_9,0.5079556233565022,0.804702190925078,house
h_10,0.563365610390843,0.5272485253841083,house
h_11,0.5791713186882577,0.5769226886166045,house
h_12,0.7096162453180729,0.5644431027390859,house
h_13,0.5810775997673135,0.7086359078957831,house
h_14,0.20033335905548488,0.28883327415584276,house
h_15,0.6223143320141548,0.4201470627338518,house
h_16,0.5860746980349055,0.5667969776013894,house
h_17,0.5380362919740967,0.6544654546478672,house
h_18,0.5490998237043462,0.43514798559087675,house
h_19,0.3965061406684987,0.8678542203621873,house
h_20,0.5897270258100568,0.7429360661221357,house
h_21,0.6325977194346687,0.7791068308621638,house
h_22,0.6275059210409185,0.8734600410748788,house
h_23,0.5794008322104622,0.5237798344801574,house
h_24,0.6885334898144508,0.6236899844097172,house
h_25,0.5248056211093474,0.9191016423055747,house
h_26,0.49202934516734853,0.8592149795931157,house
h_27,0.621168300023151,0.8722975541161624,house
h_28,0.6437469652810343,0.6890763452987706,house
h_29,0.6261146297692334,0.7055204053062661,house
h_30,0.5177584531886557,0.8743267966903893,house
h_31,0.5710166778459084,0.4903161714956453,house
h_32,0.7093292257039449,0.562729769228423,house
h_33,0.058493882415482285,0.7258789778220853,house
h_34,0.5866342963310321,0.4957390598433507,house
h_35,0.5225112793146903,0.890651314433607,house
h_36,0.6741835493004567,0.26679106987277323,house
h_37,0.6269261042221911,0.9292347012994226,house
h_38,0.5555473772311473,0.5306988485292233,house
h_39,0.8013681017647358,0.31510122489724474,house
h_40,0.5308731086800386,0.5604954647053927,house
h_41,0.10980096992289406,0.3067022879032693,house
h_42,0.0581795445596664,0.6930633307559475,house
h_43,0.7088800234413326,0.6316152599307417,house
h_44,0.6541767823965522,0.3918216101821807,house
h_45,0.4827010631162171,0.8741035382962589,house
h_46,0.6526336512986726,0.5001731008567823,house
h_47,0.5374531510622252,0.33427569022673026,house
h_48,0.5486120262260404,0.5108188904478723,house
h_49,0.5167314666967415,0.4835628049360236,house
h_50,0.641565173001241,0.39921103549245845,house
h_51,0.6858981284168412,0.5663276079704281,house
h_52,0.19934179563780435,0.29270230175727124,house
h_53,0.5616883425240558,0.4922724414572765,house
h_54,0.07659383341148801,0.6746477284597081,house
h_55,0.6227085423257976,0.8738119780578253,house
h_56,0.6278855799652174,0.2659308837477101,house
h_57,0.4937822441981721,0.8869095605375943,house
h_58,0.16483940474989328,0.3304387950302756,house
h_59,0.5128189299190165,0.8395430137380812,house
h_60,0.5575993452064143,0.5871991221214137,house
h_61,0.5917517546887094,0.6679969512202273,house
h_62,0.6314181412383442,0.9090185025003577,house
h_63,0.650389393768512,0.42469408855363594,house
h_64,0.501531079461474,0.6618731664616705,house
h_65,0.5365330895665026,0.5618647341937493,house
h_66,0.6020858684490142,0.8459014983130382,house
h_67,0.1742017130951454,0.32446806680238116,house
h_68,0.6277948797093786,0.8841532943646813,house
h_69,0.05536455210812617,0.7092166299870865,house
h_70,0.8711609197449167,0.3086158431428722,house
h_71,0.5941241113492045,0.7230768990128744,house
h_72,0.26371004410359317,0.8676178871581672,house
h_73,0.5637919196835781,0.5167561107991866,house
h_74,0.8945969070670049,0.2951112638530526,house
h_75,0.5583134975989389,0.5431133976712367,house
h_76,0.5302816311536118,0.796188166192814,house
h_77,0.4063364677609619,0.340932118320223,house
h_78,0.6252716555764632,0.9143307175291355,house
h_79,0.540001543328959,0.32281849905919924,house
h_80,0.5790778675414854,0.697084449755615,house
h_81,0.5348388248600161,0.771783966761705,house
h_82,0.600162643128922,0.6704325785942131,house
h_83,0.617064808792565,0.4099344101189754,house
h_84,0.8960475938907907,0.2539635925101286,house
h_85,0.2719948713991472,0.3489297205308982,house
h_86,0.6549847847894853,0.5430996310816946,house
h_87,0.6282255872069921,0.9245978924450069,house
h_88,0.896109162163642,0.5703356922669452,house
h_89,0.6140839452236949,0.47967603027602057,house
h_90,0.3495143856066768,0.9036527930500805,house
h_91,0.6090143865959895,0.9488813357130479,house
h_92,0.5778652707736741,0.9337006587143658,house
h_93,0.39535291778211945,0.32652494294707335,house
h_94,0.47872470148880475,0.8724363625313467,house
h_95,0.597179778320298,0.7168037954672553,house
h_96,0.5685448188666017,0.33601118273255975,house
h_97,0.5888097253468042,0.42654236773820364,house
h_98,0.5378886411836493,0.35491090631489697,house
h_99,0.701987104527662,0.5991483485974527,house
h_100,0.5489215776892303,0.5084870441381686,house
h_101,0.6484856974956514,0.39717605764884983,house
h_102,0.7030316520940799,0.6615468959940377,house
h_103,0.7241363590495473,0.5478113430072707,house
h_104,0.49388968929056987,0.9051028181102673,house
h_105,0.5451370298040552,0.3157907085508669,house
h_106,0.2865044362227776,0.8470801408552605,house
h_107,0.29080574491486016,0.8529687727991518,house
h_108,0.6197071236503295,0.858548549315779,house
h_109,0.5862141151283843,0.7609703971465013,house
h_110,0.5108670324967888,0.33547059804686047,house
h_111,0.5840321419455601,0.5121172461857798,house
h_112,0.07384567897570399,0.294829654679505,house
h_113,0.5322034582440478,0.5690958660700483,house
h_114,0.6360735336890909,0.9091527078031779,house
h_115,0.4886032279318796,0.857913602859766,house
h_116,0.10668605721001978,0.32118081896509115,house
h_117,0.6356948245056904,0.38942452828716617,house
h_118,0.5660828869409782,0.8358449716472092,house
h_119,0.7027213374462389,0.6555605782610906,house
h_120,0.6274649238921177,0.2652788879000019,house
h_121,0.5899166008773221,0.5380813021355797,house
h_122,0.620430588779999,0.9408173384491403,house
h_123,0.6178137473299143,0.41426535780370577,house
h_124,0.4467954943800517,0.32234250766071515,house
h_125,0.5843990811256813,0.42233689285009907,house
h_126,0.5691906031052579,0.444830097859435,house
h_127,0.6416360124988696,0.3014293794049166,house
h_128,0.35691856565380653,0.9038636424070821,house
h_129,0.5404783132601643,0.6515288924621475,house
h_130,0.5558750378412386,0.4193350659061156,house
h_131,0.1355261267785402,0.2109375757641953,house
h_132,0.2172560798257233,0.30820763969162146,house
h_133,0.3536044447874074,0.9004543897491677,house
h_134,0.8938678791692141,0.30982342148442366,house
h_135,0.604973212689857,0.5322971265779285,house
h_136,0.26471724432678195,0.8677245631680442,house
h_137,0.20812954465859684,0.3412759514420083,house
h_138,0.5696505019446594,0.5495821856277557,house
h_139,0.10802804110003726,0.32345824228600617,house
h_140,0.5215653240963836,0.8970832458231549,house
h_141,0.4860267886292269,0.8360787024943915,house
h_142,0.0819555165106506,0.3203893517946417,house
h_143,0.6054458406954731,0.5318666337845253,house
h_144,0.322531771801005,0.23183543739505885,house
h_145,0.5602764085208719,0.43106224860244824,house
h_146,0.6905989501405809,0.5574392439455734,house
h_147,0.46183830830794387,0.34922293431418194,house
h_148,0.5417155882160889,0.33379705592988745,house
h_149,0.5373669620756574,0.5521676189821307,house
h_150,0.06976179311081769,0.27927591703051247,house
h_151,0.09423186736868402,0.2623181854443071,house
h_152,0.6466857010571796,0.8637425135183944,house
h_153,0.2607317094083033,0.34851128918251306,house
h_154,0.6185652976547353,0.9217095065218266,house
h_155,0.8722358681522193,0.2938805197405425,house
h_156,0.5227884392789078,0.9267397548537589,house
h_157,0.6096685997851214,0.6674148586229669,house
h_158,0.7046031058223371,0.1928755441337114,house
h_159,0.44990187989339253,0.8799616466897393,house
h_160,0.44867968207423453,0.3514061055591852,house
h_161,0.5149659662044862,0.8567214265715932,house
h_162,0.570536154176867,0.7915129782068416,house
h_163,0.6005852778288918,0.47193466798268524,house
h_164,0.5893863062626071,0.4304636205534627,house
h_165,0.07106602480011016,0.2589308310874762,house
h_166,0.6080965411623656,0.47622047835274217,house
h_167,0.7228213564350602,0.5331543834497499,house
h_168,0.5435580855597826,0.3241011138414758,house
h_169,0.541957124594674,0.8831249273907316,house
h_170,0.5697489056544547,0.5127998177228266,house
h_171,0.5218546404594708,0.429088273169263,house
h_172,0.5909487533841267,0.7438140498647269,house
h_173,0.5818915277175959,0.5243438721514817,house
h_174,0.541268735123199,0.31577600540569645,house
h_175,0.6069484099424685,0.527523644516929,house
h_176,0.8934864957153879,0.2996082756150658,house
h_177,0.5456629488267731,0.31302057345407136,house
h_178,0.5630342374998599,0.555719619018263,house
h_179,0.2738608748300859,0.8385482051995539,house
h_180,0.5430677818207724,0.30676391597938074,house
h_181,0.537635479729778,0.48280734514529144,house
h_182,0.09435873692375063,0.3236534152400386,house
h_183,0.6320319112942007,0.8793187751342697,house
h_184,0.1658392444811136,0.34818361412689164,house
h_185,0.6241686634309508,0.6825535365670479,house
h_186,0.1739255420095013,0.23572582701279066,house
h_187,0.6439164940314724,0.8777086243329937,house
h_188,0.5301304112971692,0.3442444225809323,house
h_189,0.6417593950150458,0.8781237535564386,house
h_190,0.24298188114840627,0.24480244939211102,house
h_191,0.8926557507620847,0.7467967691189067,house
h_192,0.7089495272071079,0.5685468443766828,house
h_193,0.5882937311164802,0.49624897742748747,house
h_194,0.5958192405634338,0.9411489412953902,house
h_195,0.6617946541459153,0.5595381961118183,house
h_196,0.5158351487234872,0.9266333916766704,house
h_197,0.26430226151655123,0.8282784280831085,house
h_198,0.6247590329263296,0.8533783604117561,house
h_199,0.564670147353997,0.5082264990448612,house
h_200,0.5784014673496884,0.48878603639191326,house
h_201,0.6177219493216101,0.505173331452565,house
h_202,0.25158541435414533,0.30450275996813425,house
h_203,0.4810898276813861,0.8535235148650624,house
h_204,0.6487423649735558,0.396370512998918,house
h_205,0.6230321665370646,0.488354014193223,house
h_206,0.5338021096119723,0.33552670888870206,house
h_207,0.6005310994276181,0.41277942196740125,house
h_208,0.6497029751293213,0.7690290588718433,house
h_209,0.7091040296997555,0.5550971312555375,house
h_210,0.8935688690762377,0.5749593621407997,house
h_211,0.4528901472955792,0.3364889480491258,house
h_212,0.5370245804816369,0.5577522332357412,house
h_213,0.6325419221568599,0.8836984353664309,house
h_214,0.6085768726219382,0.48678109050422247,house
h_215,0.54243204900663,0.5474287484027184,house
h_216,0.5992978512771713,0.7891381297912873,house
h_217,0.5831945722307642,0.48961066384705443,house
h_218,0.5539167060272094,0.5040474987559875,house
h_219,0.5699686651457623,0.510350162525406,house
h_220,0.7094685606083091,0.5636200394483316,house
h_221,0.1442152723424433,0.20100763468632224,house
h_222,0.20489211536977717,0.30457721419201844,house
h_223,0.22947164726623054,0.24157736591593496,house
h_224,0.1651119803878509,0.3480647376348188,house
h_225,0.1587266348899209,0.32471145077805297,house
h_226,0.6111661220115716,0.6825541649065556,house
h_227,0.4081037081885915,0.33398066565392703,house
h_228,0.6047844516862189,0.533807935562085,house
h_229,0.18348329346400155,0.33031115921790277,house
h_230,0.058815739053413744,0.6867034384330534,house
h_231,0.5895018015397673,0.5449120079334931,house
h_232,0.5824877011851319,0.31470882819583795,house
h_233,0.6193226764489984,0.9196806810581325,house
h_234,0.6406068505150224,0.25294392493082113,house
h_235,0.5805374346311131,0.8550573791353437,house
h_236,0.5235259130868365,0.9245325103743224,house
h_237,0.1949853680542769,0.3383763035355533,house
h_238,0.7226984513287478,0.6619452886586868,house
h_239,0.5257442703912333,0.24296196421503888,house
h_240,0.8918933678405866,0.19201637099119617,house
h_241,0.6062643670893111,0.709010069614206,house
h_242,0.6094877796706656,0.5347770222864222,house
h_243,0.5972381966362977,0.4965277683967764,house
h_244,0.5392189568283394,0.7562027720121223,house
h_245,0.6306058244556592,0.3321353323950192,house
h_246,0.5495172009100563,0.49513466673131046,house
h_247,0.6551877815833369,0.8618598852842276,house
h_248,0.6336711344061448,0.4148934256608032,house
h_249,0.6518949933586632,0.6830732509002886,house
h_250,0.6401865510296258,0.5189141763466021,house
h_251,0.5772143025326153,0.4218882011283774,house
h_252,0.683486261404312,0.5562030848449996,house
h_253,0.4398898300557387,0.3577838293559125,house
h_254,0.5381388639911671,0.33075538189856657,house
h_255,0.5440840045825005,0.321330978744458,house
h_256,0.12371787946600771,0.17166422396333075,house
h_257,0.26901885829272076,0.28542933965677725,house
h_258,0.09081475237814511,0.26786262674300404,house
h_259,0.12195575394587775,0.3415268434068262,house
h_260,0.5635445347923148,0.5390948359560184,house
h_261,0.5842804313519647,0.47105547353626187,house
h_262,0.4113968907857328,0.8638766050636247,house
h_263,0.5610391352609115,0.4186876973780752,house
h_264,0.5145564521133622,0.8112072092619644,house
h_265,0.5341573127081278,0.380638773444827,house
h_266,0.5577621730071767,0.5824241106552384,house
h_267,0.537561982735222,0.7623694473764269,house
h_268,0.0822974232342245,0.3217583084500986,house
h_269,0.6201760582191171,0.9134397695047222,house
h_270,0.8961232763686634,0.2530171427201656,house
h_271,0.16703618936816064,0.23063715341748103,house
h_272,0.5626625986098169,0.3823687392366524,house
h_273,0.6309271251936589,0.25492344197506933,house
h_274,0.5159555283824127,0.8079850591019957,house
h_275,0.5944024645776335,0.49518565848983526,house
h_276,0.5831501124849373,0.549905250743315,house
h_277,0.6384158321807831,0.2615802126951347,house
h_278,0.5961684738596544,0.49211113700683345,house
h_279,0.5217728760594724,0.5664473534425554,house
h_280,0.6097653715988446,0.6735546506740663,house
h_281,0.6095894810919111,0.4183434074208969,house
h_282,0.5589401569955634,0.4156132205853606,house
h_283,0.2084626662788548,0.23459587467296664,house
h_284,0.6734990913862746,0.2916438093837526,house
h_285,0.5403451120991063,0.3203061382502352,house
h_286,0.579662485828084,0.4134325520035543,house
h_287,0.5129125585426237,0.8494172705644909,house
h_288,0.5795903055197754,0.8479203652637615,house
h_289,0.7229798384517099,0.651542066202031,house
h_290,0.5720704945182143,0.7921397612146808,house
h_291,0.8952496843383487,0.18693417750542607,house
h_292,0.5771322743156998,0.5472894930834394,house
h_293,0.5574442472413023,0.3732424658114246,house
h_294,0.5641309997973304,0.49135251728806484,house
h_295,0.6961387096582717,0.4207891522072947,house
h_296,0.5750625175426488,0.4165499315901355,house
h_297,0.0819975425454259,0.29495760332477744,house
h_298,0.8953027680707285,0.495899319655635,house
h_299,0.5751478034273781,0.43884175974753903,house
h_300,0.5716612579487808,0.8792286345761179,house
h_301,0.6585997257623148,0.8784587975643618,house
h_302,0.5832398432136074,0.6890616769128112,house
h_303,0.671448248024835,0.2618703964686988,house
h_304,0.571535078086508,0.6251647882710877,house
h_305,0.6232370731359846,0.9321997312766732,house
h_306,0.6221055586130059,0.4224419153147924,house
h_307,0.3506158476140717,0.9028022004664942,house
h_308,0.5074495758356679,0.32869253786518277,house
h_309,0.5545400582903495,0.49754035153028636,house
h_310,0.6913805077552286,0.606091273162054,house
h_311,0.7434224082885252,0.147294453719057,house
h_312,0.612495266135208,0.8570472643548995,house
h_313,0.550018189234179,0.5271198170017303,house
h_314,0.5889910783714328,0.5416185034387665,house
h_315,0.25183044750604144,0.8344935783231953,house
h_316,0.15422652507612963,0.23443914540315253,house
h_317,0.6649601405616524,0.8047963536200818,house
h_318,0.3569677147453218,0.8978888473517149,house
h_319,0.6091886112875394,0.7622115615730244,house
h_320,0.5755275513898884,0.9258248676662185,house
h_321,0.5739045120324535,0.5467608055267706,house
h_322,0.3484506758000068,0.9044814873326943,house
h_323,0.5367406607162767,0.5065700986346021,house
h_324,0.6492600265267918,0.5156679737867211,house
h_325,0.5632272195741608,0.5208347811164167,house
h_326,0.5172812689097068,0.8515475520229986,house
h_327,0.6174827872952734,0.6626701793058151,house
h_328,0.6023807629980928,0.933133537404666,house
h_329,0.10264562199125099,0.30564804111881677,house
h_330,0.5554286596187977,0.5298933038794026,house
h_331,0.503736420998556,0.8241016115301393,house
h_332,0.4967826867510481,0.8876262606513712,house
h_333,0.5542328340692393,0.5463098792844645,house
h_334,0.43934486345166424,0.49578970400965366,house
h_335,0.5884314963101914,0.6763168656370544,house
h_336,0.6144793935904355,0.48996249655236773,house
h_337,0.5702586941571439,0.4916367482989456,house
h_338,0.7250995743973611,0.33541295503499924,house
h_339,0.572573263606522,0.50086889330688,house
h_340,0.7229254394035627,0.6545721306577442,house
h_341,0.15671996804800092,0.2266083129079741,house
h_342,0.17335976778835235,0.33317952383717486,house
h_343,0.5428811916534733,0.6770907794074704,house
h_344,0.315463087726379,0.8316073822302011,house
h_345,0.6063792249454739,0.5043110976941085,house
h_346,0.43761733752010656,0.3209005207103769,house
h_347,0.274689471000915,0.8425105463783064,house
h_348,0.3060200514047256,0.8363026908320655,house
h_349,0.6068310114146963,0.4754778131105202,house
h_350,0.5750063810716621,0.38090311722321696,house
h_351,0.682528922578311,0.5136743941600495,house
h_352,0.8840572931197219,0.5794722196586601,house
h_353,0.28610859778388037,0.8699370513222583,house
h_354,0.5630194637525459,0.5549213738020997,house
h_355,0.621104429947704,0.8714541566887115,house
h_356,0.6883948917130491,0.537708787701348,house
h_357,0.5563371131702033,0.6577829082369081,house
h_358,0.576708000182035,0.46940381527498887,house
h_359,0.6734968866306166,0.29775245221864194,house
h_360,0.5411795781963219,0.7527249698508315,house
h_361,0.5158740881003416,0.47191433384587744,house
h_362,0.7041695187531666,0.5342222287349793,house
h_363,0.6134118678605154,0.5067798704559495,house
h_364,0.6179983023381457,0.4815464580281027,house
h_365,0.4475553075676553,0.35383613918351386,house
h_366,0.2634070767568711,0.8479916911589829,house
h_367,0.6259519074952358,0.8799000186135167,house
h_368,0.5442157811322084,0.32063899242797234,house
h_369,0.6202761371663301,0.8847001262280828,house
h_370,0.7277206812016583,0.13287638878243366,house
h_371,0.5762976329686723,0.4313699420790218,house
h_372,0.40042161712043545,0.3213671779771268,house
h_373,0.2604719025090958,0.8346390456094013,house
h_374,0.5863034411379173,0.5611852043132863,house
h_375,0.07180706013640624,0.29455467458352846,house
h_376,0.5339080057221893,0.3827191120552119,house
h_377,0.4573919097339096,0.32217847651726367,house
h_378,0.6199528691078955,0.9154084267790585,house
h_379,0.5637994384656938,0.557374778028333,house
h_380,0.8826951272355982,0.5938102887604475,house
h_381,0.5632564672768394,0.8403350781350157,house
h_382,0.6946820445547213,0.26057508067169816,house
h_383,0.5664905508874944,0.4158730546950376,house
h_384,0.5535649627014692,0.8188733413433371,house
h_385,0.08865356419951696,0.2955382211384476,house
h_386,0.288295482201262,0.8412867832804072,house
h_387,0.7106543121204753,0.3668830203924029,house
h_388,0.23653297084889072,0.2555300249171846,house
h_389,0.5549888956633312,0.5281271388551307,house
h_390,0.5594102787404752,0.8214805798939009,house
h_391,0.5904486932158817,0.5361833450907767,house
h_392,0.5468691197682636,0.6419984042048612,house
h_393,0.5032037266777594,0.8895576560545544,house
h_394,0.591591231517151,0.9399582993779313,house
h_395,0.537588964010755,0.3335686879320634,house
h_396,0.2741158802614169,0.8369014529522462,house
h_397,0.5358637596680633,0.7630478681221954,house
h_398,0.11780586108852457,0.3251562991246272,house
h_399,0.5729860447446687,0.3782427864649611,house
h_400,0.48677386867062045,0.8351527171882223,house
h_401,0.2741855279273273,0.8042971766311648,house
h_402,0.26243620412306246,0.8538100697774356,house
h_403,0.254452919562883,0.30081790154833293,house
h_404,0.6354569144105369,0.390974145927146,house
h_405,0.07558180533873146,0.25818222202060614,house
h_406,0.7645365264413805,0.40776357342736297,house
h_407,0.40243632284067454,0.8832119802477646,house
h_408,0.058974649948898276,0.6803386287045086,house
h_409,0.5225197417496196,0.6303326925472479,house
h_410,0.547117714448527,0.4029184178790314,house
h_411,0.2518245116254204,0.23951955127254396,house
h_412,0.6106632159414037,0.5350603098331772,house
h_413,0.7098939258133623,0.23619820465219687,house
h_414,0.5833717328277106,0.8607714950260973,house
h_415,0.5857225747475766,0.6845968131715766,house
h_416,0.6024925949889308,0.9295559806607632,house
h_417,0.1557307111439385,0.255091522609066,house
h_418,0.6482223818314563,0.8518220168649903,house
h_419,0.6046456576065358,0.4741216826029472,house
h_420,0.6066648765912959,0.769570157510516,house
h_421,0.6204452732354363,0.6895136134640679,house
h_422,0.6444039485477876,0.872818108018108,house
h_423,0.534921527658237,0.6363237679468488,house
h_424,0.5841045031568995,0.4774218956247431,house
h_425,0.628451150670457,0.8530755381898255,house
h_426,0.47859961693783665,0.8606646942554925,house
h_427,0.7094728344423541,0.5669363807426183,house
h_428,0.12392846755066067,0.18205309086703805,house
h_429,0.46939827978179743,0.8496841170058554,house
h_430,0.531611769664089,0.5544311994481825,house
h_431,0.5450922563045424,0.6535210568924639,house
h_432,0.6451483079772304,0.592343484933947,house
h_433,0.5790253114429371,0.49689904413920366,house
h_434,0.5490557902626743,0.5127327956495472,house
h_435,0.4640054135231245,0.3564192523608279,house
h_436,0.6466700303323495,0.862107961752949,house
h_437,0.6031586007942208,0.49364589508530415,house
h_438,0.6453173957765359,0.2550982261705972,house
h_439,0.8921450491787709,0.6256874223085952,house
h_440,0.7095002073318306,0.1912009944510704,house
h_441,0.282510945339866,0.860443690864819,house
h_442,0.06532650311337175,0.7355761364826622,house
h_443,0.401569616431874,0.32528608007678783,house
h_444,0.5187138812264196,0.44839050838242756,house
h_445,0.5936180803531667,0.6099999709512756,house
h_446,0.5886621288272679,0.5192185524196309,house
h_447,0.5712031775616935,0.446292963964231,house
h_448,0.5361444081036645,0.9652183026002448,house
h_449,0.579038558820949,0.7086731697670474,house
h_450,0.5308352377616994,0.6710603001006399,house
h_451,0.6516882238064436,0.8568264043459994,house
h_452,0.5537465629602356,0.5184680018027014,house
h_453,0.619406259301311,0.48625200073374625,house
h_454,0.0981469367888072,0.27133559302958277,house
h_455,0.6289635358853674,0.25967380916248667,house
h_456,0.728332106584672,0.5385398369202339,house
h_457,0.6533402980999258,0.8526823072676866,house
h_458,0.4472295596302075,0.8931950333958153,house
h_459,0.6417833759727427,0.8632103848001633,house
h_460,0.5010075563760277,0.3312017944094165,house
h_461,0.6503251081814243,0.835107982087134,house
h_462,0.5960077905135399,0.7312378049490157,house
h_463,0.5468080989155142,0.7484273109356187,house
h_464,0.1668642523461576,0.35270623898239534,house
h_465,0.5138763081196898,0.8864590148410203,house
h_466,0.6635732814141646,0.810075860234023,house
h_467,0.704650762463864,0.3327550096275196,house
h_468,0.6015873807724688,0.6800804965576235,house
h_469,0.4442971026966712,0.8022067230913594,house
h_470,0.4670543192435319,0.350501705721311,house
h_471,0.5805135215120545,0.8845114880051754,house
h_472,0.5587639960208637,0.46397826069151826,house
h_473,0.6473270399807968,0.7681705064294782,house
h_474,0.6799368422302311,0.5631301431679919,house
h_475,0.5455504309119564,0.8688119702370773,house
h_476,0.6020832566615426,0.9251613044505319,house
h_477,0.05512194418745718,0.31355305969548924,house
h_478,0.6600962799836182,0.6859933773280349,house
h_479,0.0958993749517703,0.24654984444396208,house
h_480,0.7295178284174353,0.1858543926341374,house
h_481,0.11456961897582382,0.3202842399490405,house
h_482,0.38064879175150096,0.8735316798031111,house
h_483,0.4749016397600405,0.8947249125454982,house
h_484,0.5749936613274843,0.336718333995147,house
h_485,0.2849491429937458,0.8767479714565962,house
h_486,0.898020044620861,0.318742733618529,house
h_487,0.5342273560994139,0.37997588058556037,house
h_488,0.5301104667382914,0.33980501126983514,house
h_489,0.5383819976612638,0.7586666437256472,house
h_490,0.10622329595707385,0.2585845250962782,house
h_491,0.6040620418242125,0.3373768025039764,house
h_492,0.5898398829180541,0.7330473693275187,house
h_493,0.5663134817699201,0.453878441139894,house
h_494,0.6084249140781293,0.32432072251877747,house
h_495,0.8936493332357218,0.5693695600753264,house
h_496,0.06984228365199306,0.30215901607805823,house
h_497,0.22806840508823772,0.3465571960165028,house
h_498,0.19652299856945454,0.3329796236306594,house
h_499,0.6602527497966953,0.5296530929227918,house
h_500,0.664060261060028,0.7736285015775838,house
h_501,0.7458491658815763,0.14101098199813028,house
h_502,0.5631210332653355,0.5330479254748736,house
h_503,0.5366293299775815,0.9209203682182964,house
h_504,0.5862681316420028,0.7716520756201294,house
h_505,0.5643013765307148,0.42760656260819707,house
h_506,0.5339203523538726,0.3348772678427851,house
h_507,0.5792711925777742,0.4483042111996456,house
h_508,0.7170814462179521,0.6230965553451108,house
h_509,0.6055241679379348,0.3575025926024994,house
h_510,0.32015718211875444,0.24268229162590155,house
h_511,0.5505395291489904,0.5298327483730739,house
h_512,0.5415863556152171,0.5830382462767869,house
h_513,0.5766929930582164,0.6263946480551427,house
h_514,0.2835828975407645,0.3345344030132606,house
h_515,0.5919051208842089,0.87128209860815,house
h_516,0.19920713594608241,0.29072877322818064,house
h_517,0.5314498388408398,0.5926349756538472,house
h_518,0.5508565051739664,0.5320889437488807,house
h_519,0.568770144894846,0.49441219658905194,house
h_520,0.42963072886678305,0.8072797550429108,house
h_521,0.5948103782936716,0.4564316092593179,house
h_522,0.7118487596977461,0.19185512240377886,house
h_523,0.777661381754289,0.8662138932208433,house
h_524,0.28710005944360356,0.8451092937508491,house
h_525,0.6520403402446784,0.39872489320680293,house
h_526,0.6440181163076445,0.8720782582717603,house
h_527,0.7289078234058556,0.14211796346697683,house
h_528,0.5748250823179445,0.5468631465670071,house
h_529,0.552895225771219,0.43403332295777103,house
h_530,0.5870207730382122,0.7760050705739748,house
h_531,0.286461389524897,0.8741966771745104,house
h_532,0.2099691927795956,0.33923534260665117,house
h_533,0.8934120035377848,0.3116829000859084,house
h_534,0.07838306611977637,0.3191355176367956,house
h_535,0.6049511839773445,0.5333185259107001,house
h_536,0.6348835083428798,0.8696247100430334,house
h_537,0.611438950739823,0.413655333699917,house
h_538,0.6507954308330649,0.5137447334284849,house
h_539,0.505296348839834,0.3040194331781307,house
h_540,0.71349030628296,0.19186509395153714,house
h_541,0.5498840722515392,0.9274656313984797,house
h_542,0.6719306775483969,0.8108404838160164,house
h_543,0.5685411894995961,0.4170080082980676,house
h_544,0.43835528619848446,0.8212996954572751,house
h_545,0.465552304012062,0.3534495298905277,house
h_546,0.5977993711923802,0.9119766501542613,house
h_547,0.5107948737734981,0.8544585723246537,house
h_548,0.5514957825568194,0.8636133135414124,house
h_549,0.555275344302277,0.8855550090911336,house
h_550,0.3984017971208356,0.3175477865249915,house
h_551,0.5444912059928663,0.4075580422294325,house
h_552,0.6283852115166256,0.7769713889757165,house
h_553,0.6511587432553558,0.389844193587322,house
h_554,0.5177710937877599,0.45925854586798015,house
h_555,0.5557461105142256,0.4200694801813049,house
h_556,0.6027199118202092,0.616751935683529,house
h_557,0.5945429470855811,0.7122076598519932,house
h_558,0.5376981842141186,0.3401340593141826,house
h_559,0.5692908064233014,0.5532040454653775,house
h_560,0.6325856102382059,0.42005678810461605,house
h_561,0.7036996647923401,0.29357912761191507,house
h_562,0.492753854679931,0.8662893997006826,house
h_563,0.47626867906210574,0.8514662563689374,house
h_564,0.39701000119292024,0.3337245089773123,house
h_565,0.6359714365424698,0.38777511696043404,house
h_566,0.476864813971784,0.8722350837977486,house
h_567,0.5992398115555779,0.45760723519881785,house
h_568,0.3977074309970364,0.8819771941359168,house
h_569,0.19358022639448746,0.27803616035181533,house
h_570,0.88070096814213,0.3070571967984287,house
h_571,0.5397128220957222,0.3243047680422309,house
h_572,0.45825225010347326,0.865561210088785,house
h_573,0.4652258305780949,0.35406268232286797,house
h_574,0.5690598158689838,0.5231253881084024,house
h_575,0.2725435842034351,0.818590633869077,house
h_576,0.5458277967113527,0.6438710565461183,house
h_577,0.5188972716714053,0.3047063446504672,house
h_578,0.6511122059513148,0.8751377637768032,house
h_579,0.2584852819840083,0.8377410963854574,house
h_580,0.5688560173011143,0.5303172420793062,house
h_581,0.5633778213452578,0.5244694522050858,house
h_582,0.5843503805229265,0.6862281062610398,house
h_583,0.5367969691393556,0.5563417871203905,house
h_584,0.5414223557135811,0.3150208268484902,house
h_585,0.5501471504805111,0.912462166774451,house
h_586,0.6228472044970249,0.4969312659253076,house
h_587,0.5503756818842879,0.43257747697161497,house
h_588,0.573462543321329,0.49664833093609023,house
h_589,0.15977609858310562,0.23268884547463053,house
h_590,0.47842089746557703,0.3306082114110182,house
h_591,0.1680219865018078,0.3271008682676938,house
h_592,0.5780683457294304,0.4472968893463563,house
h_593,0.5156110098713698,0.46173131097311143,house
h_594,0.4636848759697758,0.3570211428098935,house
h_595,0.5648187139660235,0.5814662610863741,house
h_596,0.09002514834755025,0.6673347386482343,house
h_597,0.5705796171572857,0.7731350219388889,house
h_598,0.17129503107433788,0.32416931140781224,house
h_599,0.8888557510858616,0.3175708129204605,house
h_600,0.7278615666299902,0.19003402626284394,house
h_601,0.6420956032932272,0.8595067564080523,house
h_602,0.4318489674535655,0.8000933415087035,house
h_603,0.580780180906898,0.6945986358345936,house
h_604,0.07026658039853367,0.2842086657835117,house
h_605,0.43205036340309155,0.8174873799866944,house
h_606,0.5616075721485109,0.5732362985346958,house
h_607,0.5612843210497331,0.4251905990145991,house
h_608,0.6033841642576884,0.48105531041627564,house
h_609,0.7048885934139439,0.3668132288680065,house
h_610,0.6081099392929018,0.9059535000747614,house
h_611,0.5730328194839356,0.5578933208617971,house
h_612,0.634869499664623,0.8577983760846332,house
h_613,0.5409656581909909,0.6645444966861904,house
h_614,0.10739313930918148,0.3180077551270466,house
h_615,0.2670061198929165,0.8595014382490923,house
h_616,0.5634539702137499,0.5355721143457879,house
h_617,0.8978854414613341,0.194859947329328,house
h_618,0.6511110187751906,0.8806614538282708,house
h_619,0.26058705859307796,0.8666790757041141,house
h_620,0.5709091394753857,0.5043026251371331,house
h_621,0.5051752568752335,0.3007224875219529,house
h_622,0.5688577321110702,0.5321577421531037,house
h_623,0.6422962360580996,0.8674971336688079,house
h_624,0.6779416740370535,0.2800395420752303,house
h_625,0.5917710039015691,0.4914756393689815,house
h_626,0.4014178120667829,0.8713538795328416,house
h_627,0.593507503377091,0.5530994699046676,house
h_628,0.46423961099476163,0.8552380096491253,house
h_629,0.6282737865576038,0.4215776027751329,house
h_630,0.11929559752694147,0.2534638978574771,house
h_631,0.5446101610404417,0.3185608436476624,house
h_632,0.538534138847553,0.4778388590649155,house
h_633,0.4709219016187158,0.8552442347074105,house
h_634,0.5672860263434374,0.4161789732512635,house
h_635,0.654619124220174,0.8748218025742004,house
h_636,0.6478766761442891,0.8695824776052532,house
h_637,0.652184384280996,0.3705000164237998,house
h_638,0.5476383659268145,0.4423605140493357,house
h_639,0.6689025150326164,0.29944608470660344,house
h_640,0.1048330787971203,0.23954216462022346,house
h_641,0.2803338339259313,0.8684213557352805,house
h_642,0.4631114699021186,0.3355564280116091,house
h_643,0.6044234182362123,0.45221587345277287,house
h_644,0.7236426437412532,0.18422225754865926,house
h_645,0.7090784206148044,0.23301691777829905,house
h_646,0.3580385476087317,0.8970435729267553,house
h_647,0.5187147292093658,0.8885938452813255,house
h_648,0.6251955421020395,0.34346723691114117,house
h_649,0.8840007241774349,0.27195910805097256,house
h_650,0.29000219627582896,0.8269539932333284,house
h_651,0.5795934137627168,0.4752485919321619,house
h_652,0.6601133753197956,0.6612798931362233,house
h_653,0.5541826334788763,0.5021474859521934,house
h_654,0.46890536425531565,0.3469504269386418,house
h_655,0.5768083448305662,0.5074882134629004,house
h_656,0.6635633091347272,0.8538767031796074,house
h_657,0.7222584838573718,0.6642846528885017,house
h_658,0.7475707408572597,0.13470583542811176,house
h_659,0.5086204156039795,0.8607127271361473,house
h_660,0.6280251918773403,0.26219868328654616,house
h_661,0.43993838555918785,0.35697567776548395,house
h_662,0.754539820855122,0.3302972381550925,house
h_663,0.6220819507678061,0.8694795555895047,house
h_664,0.631718971668041,0.31516660696781806,house
h_665,0.5899008623138565,0.4910072838666496,house
h_666,0.5566704458439933,0.5365264780628025,house
h_667,0.6573997352242869,0.45921774085501804,house
h_668,0.6902130387553642,0.25771172137848647,house
h_669,0.2704871972948229,0.8182863328010352,house
h_670,0.5714334261309332,0.43222671311198646,house
h_671,0.6189558785993701,0.4140480730276741,house
h_672,0.5640269805560341,0.5156907410680814,house
h_673,0.7396843997026463,0.1358301475751935,house
h_674,0.6753463586340357,0.43702068138131434,house
h_675,0.6437258883387806,0.5396628166966865,house
h_676,0.6095649084305625,0.41350450356435264,house
h_677,0.5301613509333717,0.8733182074628059,house
h_678,0.5684778621332365,0.3800531503053188,house
h_679,0.24994165029353002,0.30701950043724835,house
h_680,0.6029631916042918,0.5008973610984109,house
h_681,0.4467118189318979,0.35559422269187924,house
h_682,0.6506216647770762,0.856735682812669,house
h_683,0.8951491135610271,0.19925979273037653,house
h_684,0.5692377603790535,0.5220422911810972,house
h_685,0.5138176912985917,0.6277024849879779,house
h_686,0.6073054069936559,0.9207350321201071,house
h_687,0.6204361217402359,0.6776538311813132,house
h_688,0.2640578867077828,0.8354564779086293,house
h_689,0.47434426656588924,0.33352781110318147,house
h_690,0.5532249215403781,0.5421496489681227,house
h_691,0.2956904319540348,0.2631418744007494,house
h_692,0.26446105171932943,0.8632767053694355,house
h_693,0.5164865126899242,0.6536566922883649,house
h_694,0.5750650614914848,0.5229385821922721,house
h_695,0.42288097306231476,0.9117557553862613,house
h_696,0.5333609210451556,0.34983943852751015,house
h_697,0.26105029471647306,0.8317318897139112,house
h_698,0.5993814114057616,0.8432549966079881,house
h_699,0.5537479574210793,0.5134141618995305,house
h_700,0.6030599181922579,0.7002285691048056,house
h_701,0.4429907143040859,0.3344146923002333,house
h_702,0.4617247162813956,0.8928272809731665,house
h_703,0.6134342828763694,0.40965021634996357,house
h_704,0.8775561809900867,0.7769010015791938,house
h_705,0.523422823029276,0.4204806563347557,house
h_706,0.5386455507606822,0.46221057093564233,house
h_707,0.7219252491727238,0.6141940170117811,house
h_708,0.569057441516738,0.4175290984850158,house
h_709,0.7261513600673767,0.561925497379001,house
h_710,0.4664835066990978,0.8750932933806386,house
h_711,0.5340763472965033,0.38131793361387334,house
h_712,0.26492824509646745,0.8592580542734205,house
h_713,0.7735810574177727,0.3275930586557418,house
h_714,0.46289076306824534,0.8566808801809429,house
h_715,0.27437777131426194,0.2808794536508316,house
h_716,0.4682551083199293,0.35665050537283716,house
h_717,0.20675562573085587,0.3367541086687536,house
h_718,0.5316893582191844,0.8969054050742067,house
h_719,0.6535099286083187,0.44002356972256434,house
h_720,0.6461875619557544,0.8763928492661366,house
h_721,0.6110103462399157,0.7107343908126785,house
h_722,0.3092914339306823,0.8501195803659969,house
h_723,0.4846968141049465,0.8823889169570104,house
h_724,0.7059018086628247,0.2415379489738067,house
h_725,0.7042294468484769,0.4230567560517497,house
h_726,0.22420189117156378,0.3400363511798721,house
h_727,0.5350339235577303,0.9531564054876628,house
h_728,0.0704052425697609,0.26961595072255556,house
h_729,0.6472303774626483,0.8666549875727332,house
h_730,0.5523747338393538,0.5396063177046532,house
h_731,0.7151252174016289,0.5571331369786416,house
h_732,0.5948154939435123,0.7743328874516862,house
h_733,0.655327360745774,0.2344260064225913,house
h_734,0.12056034713029998,0.3257284704505634,house
h_735,0.8837968266782217,0.3084566546590417,house
h_736,0.08582974707212794,0.13558020331006815,house
h_737,0.24949812129378413,0.24458720920233196,house
h_738,0.5403939973737019,0.7536561038647235,house
h_739,0.47681713891252653,0.8600451969895715,house
h_740,0.15759763039645908,0.33186437443600586,house
h_741,0.7078906254637406,0.2921787871156289,house
h_742,0.5690193199723259,0.5383370603895027,house
h_743,0.6118038547608737,0.47838277917604627,house
h_744,0.5337902378507354,0.9583547493504282,house
h_745,0.5365511082618899,0.559022091388556,house
h_746,0.1736518131147333,0.3312825052907373,house
h_747,0.691639787020602,0.31396345173537493,house
h_748,0.5813829414662814,0.44357026773812425,house
h_749,0.44197239599662624,0.3222067685942308,house
h_750,0.4489035156524931,0.35210814721830114,house
h_751,0.08835771990953752,0.23961997062498439,house
h_752,0.26993298390782766,0.9692591648300207,house
h_753,0.697835523531953,0.5511956584160133,house
h_754,0.5653114879162237,0.7826215490029477,house
h_755,0.5270670220280533,0.354778443937946,house
h_756,0.6814311238572354,0.19422944012069993,house
h_757,0.5701658323156907,0.7771547821694874,house
h_758,0.5917096099363252,0.3362953392594803,house
h_759,0.5744739325802676,0.4383809178203892,house
h_760,0.5822106406595972,0.5405899089500819,house
h_761,0.5313378033341003,0.3716807594153005,house
h_762,0.5825197813221582,0.4945540489176403,house
h_763,0.5641240124178643,0.5489997950945434,house
h_764,0.07004267898163952,0.27684301577149295,house
h_765,0.5029365880666151,0.8832339923063268,house
h_766,0.564897444471486,0.6242507000939489,house
h_767,0.7095744384542776,0.561504928260781,house
h_768,0.6236148325784869,0.8689098869266543,house
h_769,0.6019132530406553,0.41513110043655715,house
h_770,0.13211515872214913,0.2557872778169612,house
h_771,0.6471194952127138,0.8658531969173744,house
h_772,0.09024702852099253,0.32009817658134954,house
h_773,0.2724243578013147,0.8466777037083933,house
h_774,0.5989887803376495,0.32362951828431863,house
h_775,0.6516276778241434,0.9428216586712541,house
h_776,0.7037710649563407,0.5268708398492198,house
h_777,0.44047957598385984,0.3448076639504617,house
h_778,0.5883473914772638,0.5513522983049195,house
h_779,0.5488689636089438,0.5147005581781124,house
h_780,0.6683003793027735,0.6172311475178617,house
h_781,0.11252102785708855,0.32617238029843876,house
h_782,0.1978054201373918,0.3327632326630394,house
h_783,0.7046247842569264,0.26049280562599053,house
h_784,0.07003864258282301,0.26818004783224947,house
h_785,0.6857225582590198,0.6307239074354783,house
h_786,0.26705550641965503,0.8463968691685655,house
h_787,0.639917135106578,0.404634619024274,house
h_788,0.46304736239144834,0.33629019986222486,house
h_789,0.15062344554126245,0.21145030884431745,house
h_790,0.614856559444877,0.8580752331778962,house
h_791,0.5817415704135357,0.4292350811678642,house
h_792,0.5147449253167301,0.6391939443898033,house
h_793,0.6021297939655836,0.6711221516288542,house
h_794,0.5242496947968054,0.8603658997568945,house
h_795,0.6000318163201097,0.880062691707979,house
h_796,0.28592685807903007,0.3334676429137126,house
h_797,0.5320119073765178,0.6787865291035957,house
h_798,0.7178075371018724,0.13093215087425417,house
h_799,0.614774169421905,0.4797379711849205,house
h_800,0.6808841092071841,0.2936909833846331,house
h_801,0.6859086303594735,0.6572951964392263,house
h_802,0.11301964182896287,0.32005524628563947,house
h_803,0.5770615525380552,0.44100631185009087,house
h_804,0.605986107299717,0.5008749093236587,house
h_805,0.4964366908652727,0.879280028548228,house
h_806,0.5746739717570818,0.49135283012085335,house
h_807,0.2542893003113694,0.2370531073776222,house
h_808,0.706912926567221,0.24140635061159435,house
h_809,0.49867669434765854,0.8367690203690793,house
h_810,0.6307034612119881,0.9131356959515265,house
h_811,0.2935262098808656,0.8425646664654939,house
h_812,0.6376436928300503,0.26135278319578725,house
h_813,0.7043420966717521,0.5735152560772373,house
h_814,0.5847115458813891,0.4949472798400016,house
h_815,0.8815079511120871,0.5780826507929291,house
h_816,0.5146042845186302,0.8502656733180022,house
h_817,0.5347953011569018,0.34038156225603255,house
h_818,0.5776507111359572,0.32041428641489467,house
h_819,0.4753553651913567,0.8716901529957883,house
h_820,0.6350164720687145,0.39873240119561565,house
h_821,0.46767734927315086,0.349311063803741,house
h_822,0.6240563038062839,0.9464957764956133,house
h_823,0.35904693500804474,0.9064560884316788,house
h_824,0.7315887384472914,0.5519735843922052,house
h_825,0.617060568877839,0.4141983221879488,house
h_826,0.4274546350323823,0.8094847798985993,house
h_827,0.5899183684506628,0.4966199276974434,house
h_828,0.6275465422506088,0.4176449211322749,house
h_829,0.10910884624288472,0.31112386774053336,house
h_830,0.4563857610095764,0.3367974360217936,house
h_831,0.5672208800536601,0.4577861364983638,house
h_832,0.6289209801874025,0.5358368706509403,house
h_833,0.5784282975300802,0.5235714877863527,house
h_834,0.7126526533116532,0.3331734093764199,house
h_835,0.16656698344483067,0.3483028034517529,house
h_836,0.5401910166382723,0.32106131680755257,house
h_837,0.5910549770787724,0.3326244295055818,house
h_838,0.5773189012289237,0.4963773953223316,house
h_839,0.5806864791971654,0.5598917825772052,house
h_840,0.6010610980191962,0.4722055812514114,house
h_841,0.6105370784782772,0.5743136055709226,house
h_842,0.7206935256784773,0.13794633709572077,house
h_843,0.652167605525118,0.8803802170747465,house
h_844,0.4770230823784317,0.8947892396516208,house
h_845,0.5643847162945851,0.8608728975675238,house
h_846,0.5187502596947784,0.33592254675156,house
h_847,0.6232672274095231,0.8797658133106966,house
h_848,0.5582339567986618,0.49838558685099466,house
h_849,0.565140650691233,0.4277889832775858,house
h_850,0.5866739480135564,0.5250195911588545,house
h_851,0.5804119331551989,0.8687813573058698,house
h_852,0.7344284637347364,0.5578119843144549,house
h_853,0.12558922518950408,0.17361129576937206,house
h_854,0.07257022971198493,0.3141165312882492,house
h_855,0.53558847331129,0.5669351554805949,house
h_856,0.5405215858298643,0.6236959431312018,house
h_857,0.6954868467337577,0.5939390534915354,house
h_858,0.5741926905566056,0.5581498438181413,house
h_859,0.08440822238183078,0.28122486583372913,house
h_860,0.6048365555271938,0.9246870498139503,house
h_861,0.07505024063400606,0.3139799276000876,house
h_862,0.6374048033145956,0.5246315806349916,house
h_863,0.4880492915526483,0.29824578966054405,house
h_864,0.551310873280162,0.5362567217791178,house
h_865,0.5748046524519083,0.6682672078836219,house
h_866,0.6601644238931076,0.8717888878634018,house
h_867,0.557864405831069,0.5403544351770302,house
h_868,0.5656460249715889,0.4204684116137256,house
h_869,0.5336550580628073,0.7733346472314421,house
h_870,0.6513216238195031,0.26610377604922614,house
h_871,0.5847423211393599,0.5664729549363052,house
h_872,0.5367798375283518,0.513096835156731,house
h_873,0.5295925413681409,0.5359150387626583,house
h_874,0.3103130649391946,0.2516328572538502,house
h_875,0.6418536567992545,0.8826989343347428,house
h_876,0.711319130749641,0.5182008121142664,house
h_877,0.5585112472217946,0.5438221875822822,house
h_878,0.07659874040613456,0.2591451216060402,house
h_879,0.6071161711195658,0.525579718419156,house
h_880,0.615991024948508,0.8841927113069207,house
h_881,0.2869313673696737,0.8657881798184062,house
h_882,0.5305710910742175,0.5953513034963548,house
h_883,0.6244859204782978,0.6717511983030015,house
h_884,0.6149401366439705,0.8801418384250239,house
h_885,0.8917176657743068,0.2608650767457448,house
h_886,0.574078484213527,0.415399198209409,house
h_887,0.0953898389595575,0.30489348822740975,house
h_888,0.5227343379669969,0.8379072106413707,house
h_889,0.5367194422985759,0.37255825562603073,house
h_890,0.6732623006286098,0.2381390198008016,house
h_891,0.6363216534989052,0.38520394357123283,house
h_892,0.5974040648212131,0.7296283922700061,house
h_893,0.5954316549554771,0.6410870846106094,house
h_894,0.5905458042227854,0.924573804313626,house
h_895,0.634892530881419,0.40188419239848705,house
h_896,0.6234572434279185,0.68415275807999,house
h_897,0.6823193320299583,0.6372930343921448,house
h_898,0.6132937607958809,0.8527598898203446,house
h_899,0.46613916474245315,0.8534185072970945,house
h_900,0.5707906107319626,0.5745933634782244,house
h_901,0.5427276558613836,0.7549113979093233,house
h_902,0.5102144442187115,0.8465948318293047,house
h_903,0.5537259098645008,0.5094315759649892,house
h_904,0.29229542482108206,0.8487526049854597,house
h_905,0.610969744816493,0.4063451891778793,house
h_906,0.5524314108994632,0.7925798779639539,house
h_907,0.5828726100660654,0.4306248784514584,house
h_908,0.5371212166180915,0.5548475104846925,house
h_909,0.27399003959232476,0.8377257675744877,house
h_910,0.5635369029458093,0.5505264195182911,house
h_911,0.6937875921439471,0.6263200150696651,house
h_912,0.5616426362432988,0.4167305367117438,house
h_913,0.6977330871921512,0.5693947605012392,house
h_914,0.59788302753655,0.8689064457649808,house
h_915,0.5542818474834861,0.520821597445346,house
h_916,0.691604544849394,0.642021320454142,house
h_917,0.5932613508877116,0.5459071293046978,house
h_918,0.5667512859425824,0.41983058014341634,house
h_919,0.6522459063858859,0.7758369973883965,house
h_920,0.6286146757016438,0.2608923378961867,house
h_921,0.8963961572804852,0.173510071989539,house
h_922,0.6762918949507409,0.44482123426127945,house
h_923,0.62998401269487,0.6586120022504492,house
h_924,0.5689870589322713,0.5238263571975132,house
h_925,0.08183276249948193,0.28048001076143214,house
h_926,0.703824487881901,0.5468306119481147,house
h_927,0.7269786622051475,0.3365246010654937,house
h_928,0.7320175464631056,0.5510948368498765,house
h_929,0.7226122284228608,0.1314228778702862,house
h_930,0.5705627808413519,0.4782863819604579,house
h_931,0.5162338024657654,0.44513177302728907,house
h_932,0.5504367536160133,0.5290739052022024,house
h_933,0.667214588020206,0.269990411672496,house
h_934,0.13741275315470733,0.23341242791153205,house
h_935,0.6218715831587195,0.8115094342574097,house
h_936,0.246736749630492,0.8090734046696164,house
h_937,0.8961351481299002,0.2548068726253811,house
h_938,0.543237152281061,0.7493971449829939,house
h_939,0.6350482883888237,0.3979371800307042,house
h_940,0.2639416452056311,0.836364944573865,house
h_941,0.2621116301708946,0.29298143806151716,house
h_942,0.5824483924645982,0.48941816735205196,house
h_943,0.5515160239097262,0.4447926230879751,house
h_944,0.610954469817036,0.5299859868252782,house
h_945,0.5669922638515882,0.8787240798412284,house
h_946,0.1084744588950162,0.31297834101595773,house
h_947,0.20516884612416822,0.33850347009857673,house
h_948,0.5374044768411618,0.5005147664936362,house
h_949,0.12967242842812085,0.22944903092199345,house
h_950,0.3177145398482519,0.8604181829536459,house
h_951,0.5438206889183054,0.32271651554237185,house
h_952,0.5633960953777297,0.5595745238293129,house
h_953,0.8910955854855835,0.5741606302955704,house
h_954,0.6079170401324872,0.4483276736653383,house
h_955,0.4430792974291699,0.3441537010476019,house
h_956,0.7144138614684196,0.6492621054590415,house
h_957,0.887386253687667,0.26702729779656104,house
h_958,0.7024447517911533,0.36697673618331206,house
h_959,0.31202109103181724,0.8297985825543416,house
h_960,0.5946524838692443,0.8569615481474073,house
h_961,0.7072302587450346,0.5479358504908698,house
h_962,0.5955664248125103,0.7206981178410424,house
h_963,0.5455311722770626,0.31371318543646737,house
h_964,0.18711890162465036,0.27885797231119336,house
h_965,0.635262824305188,0.24966201014932765,house
h_966,0.7074164871062774,0.5159100716718057,house
h_967,0.6674751901389774,0.29546148770358055,house
h_968,0.705354249115342,0.1903451730894319,house
h_969,0.6021623043271194,0.61273179261548,house
h_970,0.5955257970073913,0.4871935780277373,house
h_971,0.46195990906231005,0.3585799890195228,house
h_972,0.6128858470798427,0.47900500376180855,house
h_973,0.5755704534787629,0.7067937214012011,house
h_974,0.5503341476796212,0.5283543895926625,house
h_975,0.5508528376477282,0.38114090931139166,house
h_976,0.5695774246588349,0.5147075768643729,house
h_977,0.5904232480743019,0.6921310018942028,house
h_978,0.5532012432473647,0.864031162004446,house
h_979,0.6193376744406915,0.8530930568307591,house
h_980,0.6988942603289595,0.19164091387760926,house
h_981,0.11178996480022736,0.30702857259055916,house
h_982,0.642008464565761,0.8611550728196358,house
h_983,0.5495861701896134,0.5001839631093521,house
h_984,0.07988199469332279,0.294811823205783,house
h_985,0.5299972466646057,0.8785644147553222,house
h_986,0.4388722166019796,0.8238826894600083,house
h_987,0.5932378448004639,0.9237034138781234,house
h_988,0.21126321475422727,0.33782759467486523,house
h_989,0.31470044578463446,0.8295167201350181,house
h_990,0.5762646181660009,0.5472003357143849,house
h_991,0.28629084627849893,0.8677799345867191,house
h_992,0.49944208118450095,0.8686656497702259,house
h_993,0.3132537529605215,0.8191966764635576,house
h_994,0.5560781109125886,0.48491007184566337,house
h_995,0.7077378161103747,0.20475241798100377,house
h_996,0.17536585800186316,0.32610762389366466,house
h_997,0.291351303222589,0.8508190746717399,house
h_998,0.49179625683368344,0.3140967185396074,house
h_999,0.6804838138428695,0.5552785246662618,house
h_1000,0.11566436495829238,0.17594793388422053,house
h_1001,0.5343325399039585,0.3778467400469479,house
h_1002,0.2608712685570465,0.864894364159302,house
h_1003,0.5961913164002437,0.7326813765898469,house
h_1004,0.16815495022764254,0.3346473356806853,house
h_1005,0.7061504956790086,0.5918978718848403,house
h_1006,0.6532351142953812,0.3948635970462901,house
h_1007,0.178155009586448,0.3334598220918891,house
h_1008,0.4433536934038506,0.8933766502586425,house
h_1009,0.11813067247591569,0.348579660545016,house
h_1010,0.5628537339657035,0.3855780916882736,house
h_1011,0.5499461106838226,0.5264295736111139,house
h_1012,0.11726355903529895,0.17487826890800162,house
h_1013,0.6008490947452274,0.3637688436185557,house
h_1014,0.5835086990330454,0.6268160339361352,house
h_1015,0.20029001016731418,0.3004531831081232,house
h_1016,0.6556042768867817,0.38653428771195414,house
h_1017,0.4747798587351741,0.8592937894132174,house
h_1018,0.553877020425366,0.5047171845578043,house
h_1019,0.5882455053841721,0.9345602291049281,house
h_1020,0.6812009671528152,0.5649405852164078,house
h_1021,0.18594312239192434,0.33112233485947196,house
h_1022,0.5506974989496786,0.5884836486601878,house
h_1023,0.5773351457555468,0.44678916159229454,house
h_1024,0.6087193337567586,0.4765889954780345,house
h_1025,0.5801822315349602,0.796635169610252,house
h_1026,0.26037764072488967,0.8379444377533128,house
h_1027,0.5664504027495005,0.6646240765564639,house
h_1028,0.23660158962882927,0.24117819116903672,house
h_1029,0.08477577210967227,0.6731009089358858,house
h_1030,0.437447096463996,0.8061330884894348,house
h_1031,0.5691010278401267,0.5175743922159834,house
h_1032,0.157451607733266,0.33281225804336984,house
h_1033,0.5560777057651815,0.5338575667456177,house
h_1034,0.679643406211814,0.6461884777842289,house
h_1035,0.15828856690034157,0.3275563529318546,house
h_1036,0.2416351146345755,0.31895635378089543,house
h_1037,0.3438912071800421,0.9080355816111266,house
h_1038,0.6496747731009643,0.8730527326732576,house
h_1039,0.7051877052648698,0.19162331883053949,house
h_1040,0.5270758410506857,0.3600882903751665,house
h_1041,0.319150189651386,0.830943844152954,house
h_1042,0.3558436963915775,0.8987469479243363,house
h_1043,0.26886951153638355,0.835968585322841,house
h_1044,0.5324662990377939,0.35667930585964225,house
h_1045,0.6257826593500646,0.4970834733378455,house
h_1046,0.5440878035460964,0.5785887796232817,house
h_1047,0.5767203995771034,0.5590578933730666,house
h_1048,0.7092522571186067,0.5677503718800618,house
h_1049,0.5337257445078274,0.37676965646260185,house
h_1050,0.45957107326657687,0.33668262635708235,house
h_1051,0.45406518784094163,0.8724394629284965,house
h_1052,0.054677506903760005,0.7001519498786479,house
h_1053,0.5542945106954688,0.42042013976330017,house
h_1054,0.5457792920868769,0.7449833338286257,house
h_1055,0.5950682329477002,0.7340122849469725,house
h_1056,0.5770154787980228,0.41810791378535955,house
h_1057,0.5895112076275155,0.5616897402969846,house
h_1058,0.5557961895603689,0.4933855399261064,house
h_1059,0.7269137279111041,0.5415215252479996,house
h_1060,0.5929190032130076,0.8842808854869892,house
h_1061,0.5413212083078583,0.3358742662113874,house
h_1062,0.7026016964746796,0.5460616687444368,house
h_1063,0.6393550863571704,0.4335024195015634,house
h_1064,0.6704313010856724,0.2908203885697004,house
h_1065,0.5278709776988955,0.3440041669339232,house
h_1066,0.6085759907196754,0.5020111801999837,house
h_1067,0.18689120124416034,0.3314361062317775,house
h_1068,0.5275409211515378,0.7899678478904312,house
h_1069,0.5493150983080768,0.7544449640946763,house
h_1070,0.6344910279164457,0.40913273863797517,house
h_1071,0.14619242937786156,0.24873833384770305,house
h_1072,0.6741345698055317,0.8262354161225984,house
h_1073,0.7139868068204189,0.6087341494501591,house
h_1074,0.6387938290585113,0.6873660879779537,house
h_1075,0.5956658574082775,0.8769027668502734,house
h_1076,0.5808544106560944,0.5240954828497495,house
h_1077,0.5995483982026163,0.8651537026116315,house
h_1078,0.5814651468174125,0.6267556224323,house
h_1079,0.6556180142104986,0.8745136621936432,house
h_1080,0.4957097998845071,0.31115318464985525,house
h_1081,0.40450272160126505,0.880805356950201,house
h_1082,0.6335337399694206,0.5231961106829682,house
h_1083,0.6181139332925744,0.4959596070193512,house
h_1084,0.6091772671601368,0.5259346273144265,house
h_1085,0.26673116990271045,0.8679388536866083,house
h_1086,0.42976567121948794,0.8009420093012269,house
h_1087,0.7245922346809766,0.6079270807426908,house
h_1088,0.5585155549751587,0.9319213100190231,house
h_1089,0.5321453865867208,0.8892783200809523,house
h_1090,0.6334353315486109,0.6381232738795658,house
h_1091,0.8793109968972295,0.27861901268607,house
h_1092,0.5987712727121633,0.36495882511100425,house
h_1093,0.6350600389065414,0.3065066608607939,house
h_1094,0.534832341051957,0.5854232394157682,house
h_1095,0.1573055850700729,0.33376045448363345,house
h_1096,0.3202032445523436,0.23064635964209806,house
h_1097,0.12308594561546113,0.20099762403442373,house
h_1098,0.6342239132886573,0.852458631762801,house
h_1099,0.8941785499698927,0.28942428497273315,house
h_1100,0.5959906687956685,0.8749197192638885,house
h_1101,0.6011750669270541,0.4933121024090904,house
h_1102,0.570766975134597,0.41459865888542646,house
h_1103,0.4773655544239689,0.3236092958735623,house
h_1104,0.5621528251823809,0.3783782430993798,house
h_1105,0.8866067406541187,0.28295333697958974,house
h_1106,0.5224094063202018,0.8591019222299804,house
h_1107,0.5427686134376463,0.3282567857360741,house
h_1108,0.5545114812650892,0.5229834960548426,house
h_1109,0.642729555343182,0.8825562825444111,house
h_1110,0.5940681557812513,0.9357819805136256,house
h_1111,0.8945134655451799,0.25721650693952014,house
h_1112,0.5382227464641247,0.35418736856839383,house
h_1113,0.5374613425774778,0.6318302756527042,house
h_1114,0.5791514724611413,0.7564874151679978,house
h_1115,0.8903332205516004,0.2647666240692292,house
h_1116,0.725522166698182,0.5450478220910986,house
h_1117,0.30345931250630587,0.8196871984095855,house
h_1118,0.603599518006495,0.800629106909087,house
h_1119,0.5761055365654495,0.7947188448066134,house
h_1120,0.3474216315361463,0.9053036121247497,house
h_1121,0.6490376288663187,0.5166356701427269,house
h_1122,0.4166598799764945,0.8611622679757712,house
h_1123,0.5689590754950745,0.8314532450042694,house
h_1124,0.6426735206301527,0.3958067881604933,house
h_1125,0.2742383968373623,0.8360927799736516,house
h_1126,0.6330609555580611,0.4156413308537047,house
h_1127,0.5216421020140453,0.559562284243088,house
h_1128,0.714102041179746,0.5389750656557561,house
h_1129,0.6071902509096737,0.9142972444116554,house
h_1130,0.6311591333275105,0.25147964362966974,house
h_1131,0.5131746870306947,0.6434976813103328,house
h_1132,0.19994918886191504,0.2984209760698794,house
h_1133,0.6300892162856824,0.8092044816437739,house
h_1134,0.6392499082058447,0.8453347568720022,house
h_1135,0.5940387138133878,0.8653129345444203,house
h_1136,0.44305328131240523,0.3511242878304824,house
h_1137,0.5160751957356632,0.47741456143176336,house
h_1138,0.5822722699401075,0.46291708442888957,house
h_1139,0.7449852408568377,0.14487379763252053,house
h_1140,0.7913158066564968,0.8577771034492376,house
h_1141,0.10050704292235198,0.25110781941401017,house
h_1142,0.5755691025542119,0.8665034870809712,house
h_1143,0.8968549160539284,0.18517829127555394,house
h_1144,0.5797912944374853,0.4156816862944206,house
h_1145,0.5250217334174416,0.8378351168836685,house
h_1146,0.5644398100606141,0.5876147843194282,house
h_1147,0.5689238182486132,0.5331770559333224,house
h_1148,0.5819212862657588,0.5967887314470187,house
h_1149,0.5352053781716563,0.863527006427443,house
h_1150,0.15611081101937008,0.22504070737771134,house
h_1151,0.5958387780904953,0.3668269339273544,house
h_1152,0.3032741657944226,0.2564379701943655,house
h_1153,0.890696694308082,0.7519961778775324,house
h_1154,0.6185308695471518,0.48185303424427284,house
h_1155,0.25564674387268754,0.8374348330019645,house
h_1156,0.44547741958035936,0.34464224171871,house
h_1157,0.30814913306463626,0.820666678137143,house
h_1158,0.2607290448574493,0.8657868763482134,house
h_1159,0.5273790119133119,0.5535217942842479,house
h_1160,0.609415018965138,0.47698598039474654,house
h_1161,0.5689741695915033,0.5201825245747366,house
h_1162,0.7924621621856106,0.8639960284664048,house
h_1163,0.597577482321678,0.47499761464929047,house
h_1164,0.6351066974541014,0.3964609216994599,house
h_1165,0.20149038090546004,0.3019706906881616,house
h_1166,0.6415685762394613,0.2533165932986225,house
h_1167,0.5927588192346271,0.7448253532275465,house
h_1168,0.5539977166645884,0.5004474379075765,house
h_1169,0.6101647602596738,0.9432783946669022,house
h_1170,0.8963816058931438,0.2885385855886354,house
h_1171,0.5759611081101942,0.5232755478877692,house
h_1172,0.48687042566200145,0.8761849941668249,house
h_1173,0.6001835374286953,0.4931453624873778,house
h_1174,0.5640900116936837,0.5995774253542779,house
h_1175,0.2673767562786762,0.8509273148460038,house
h_1176,0.7244136833919992,0.6052504975719364,house
h_1177,0.5626471992395292,0.5664574336129871,house
h_1178,0.12056706315522638,0.17946529264509264,house
h_1179,0.8971479789598459,0.19594622224134342,house
h_1180,0.6745394647022872,0.5497840671088575,house
h_1181,0.5334904363070104,0.6251751212357313,house
h_1182,0.4512234373706975,0.8779120025049355,house
h_1183,0.6480326893511656,0.2769663441159576,house
h_1184,0.8876993120314356,0.5811343007169375,house
h_1185,0.26801308268088203,0.85960842709198,house
h_1186,0.5633528906466653,0.5286044324395783,house
h_1187,0.16338630117471278,0.32727761884130496,house
h_1188,0.5310210490892769,0.8799598900127817,house
h_1189,0.5664212457039065,0.4518097538162812,house
h_1190,0.6881056824185137,0.36260114277851246,house
h_1191,0.641122329925479,0.6885083103185068,house
h_1192,0.8869146749538757,0.268679641931477,house
h_1193,0.5175733572107941,0.8876138275499765,house
h_1194,0.048971252530169485,0.7110591113356926,house
h_1195,0.6047008217237403,0.4132178145808956,house
h_1196,0.5769614227118662,0.8373869695724359,house
h_1197,0.5697171157160339,0.5489217606720304,house
h_1198,0.49526310131295154,0.829098705897388,house
h_1199,0.5629373790034327,0.5627814238946159,house
h_1200,0.14190743587765112,0.23105836053676904,house
h_1201,0.5244771313603783,0.7952771273461814,house
h_1202,0.5330505215990194,0.874204861388076,house
h_1203,0.699061062403912,0.5453387119732234,house
h_1204,0.6378664334525114,0.251494863197357,house
h_1205,0.517353309550239,0.8574123403184073,house
h_1206,0.5563741606028811,0.5351953741849758,house
h_1207,0.586990720522631,0.7050693896832744,house
h_1208,0.5546955783625284,0.49650422298321384,house
h_1209,0.08226553907547966,0.6731839437185878,house
h_1210,0.47781899917095466,0.8881245339008004,house
h_1211,0.32965823178030995,0.541695147492948,house
h_1212,0.32080490541174267,0.8650814382179335,house
h_1213,0.6001683151926233,0.7226333367571097,house
h_1214,0.603948310351583,0.4526813687690544,house
h_1215,0.5377780642075737,0.35033259720781884,house
h_1216,0.6697367606542683,0.6548179726061034,house
h_1217,0.5347217640758813,0.956933638985978,house
h_1218,0.5807643548672952,0.4974373401340746,house
h_1219,0.20835801670356774,0.3348717541634573,house
h_1220,0.5375234318887399,0.5542397457294009,house
h_1221,0.5908630968280636,0.5678139117126708,house
h_1222,0.6288919095925815,0.6226259678050746,house
h_1223,0.4379324140632887,0.3297361723959811,house
h_1224,0.4392914932894863,0.35865381757783005,house
h_1225,0.6182507553408082,0.7436756924164917,house
h_1226,0.6330172335573986,0.4179132125634456,house
h_1227,0.10253236538906808,0.2982805141095115,house
h_1228,0.558597826280519,0.4232407843345948,house
h_1229,0.5505812875980307,0.5868344980275386,house
h_1230,0.6389906628597878,0.8783155201081198,house
h_1231,0.5010321798055061,0.8623564798682608,house
h_1232,0.5610727448417961,0.7665618868629739,house
h_1233,0.5712752561120473,0.45465051763788383,house
h_1234,0.5845925644521225,0.4768808685492565,house
h_1235,0.5515547343311845,0.9082479057516073,house
h_1236,0.5633639144249531,0.5279128483366778,house
h_1237,0.5443181157140554,0.7554748099149595,house
h_1238,0.5341461532525634,0.3335783857510623,house
h_1239,0.4750620164618163,0.8443733239446718,house
h_1240,0.5171507557185467,0.8685139258264721,house
h_1241,0.07938456789757267,0.2633057988265878,house
h_1242,0.6114745321042117,0.4878372142857393,house
h_1243,0.6509690325108193,0.4021867017872956,house
h_1244,0.1383066967757159,0.1970221438749989,house
h_1245,0.07795235862216293,0.29478867357310096,house
h_1246,0.5242255508933675,0.41023053666579784,house
h_1247,0.7737084583754862,0.8676710240562576,house
h_1248,0.08786575412395402,0.2822590913144958,house
h_1249,0.4399202217645004,0.19685915794785935,house
h_1250,0.06955997316982113,0.266801706190471,house
h_1251,0.2516910730291391,0.8353429195752942,house
h_1252,0.5829953640772393,0.5374881710070364,house
h_1253,0.2557649602328967,0.29841266861910093,house
h_1254,0.8877065933783279,0.5726377077275793,house
h_1255,0.7004880481043757,0.5458010789605088,house
h_1256,0.540058026530749,0.8764122449043567,house
h_1257,0.5620276968189611,0.8825844375030424,house
h_1258,0.7098711250484013,0.6180505672258572,house
h_1259,0.5516254749528924,0.5377315549827082,house
h_1260,0.5937295731508268,0.7351025075118798,house
h_1261,0.5069841571346329,0.6316258393697001,house
h_1262,0.6351394635151116,0.39573546226527184,house
h_1263,0.6823982012962635,0.5097371838888987,house
h_1264,0.48485328846224146,0.8954417862888419,house
h_1265,0.613145940408846,0.6677426627843565,house
h_1266,0.6843747440151488,0.2616096189852533,house
h_1267,0.06974493520986344,0.2803514364504716,house
h_1268,0.31635988057008246,0.8653570439795981,house
h_1269,0.6580664801669529,0.534955163228365,house
h_1270,0.5942676352893212,0.4919290235838639,house
h_1271,0.5588273752638296,0.43267289099810613,house
h_1272,0.6515892133177407,0.43847531514012333,house
h_1273,0.5643467266586315,0.5107389939250203,house
h_1274,0.13115887893262634,0.24038010981774155,house
h_1275,0.891261394417502,0.7491257624650295,house
h_1276,0.5334601350497628,0.3513528792802982,house
h_1277,0.45302160606582265,0.3287472863526719,house
h_1278,0.5781403564411514,0.8767161396960699,house
h_1279,0.6549165627180912,0.6602789173211673,house
h_1280,0.5771902311234043,0.4599208428552317,house
h_1281,0.6675042589943437,0.6481365327794786,house
h_1282,0.5822639279078811,0.5108585407732907,house
h_1283,0.2691105082894579,0.8344510330524043,house
h_1284,0.5520404589622908,0.628649651686697,house
h_1285,0.552469707929235,0.4638676913581465,house
h_1286,0.5852982483216305,0.5298516077264027,house
h_1287,0.4459197350222899,0.8006669596868282,house
h_1288,0.6513124755799613,0.26120891687783215,house
h_1289,0.8955832536936016,0.5859725739419221,house
h_1290,0.4389994140437836,0.8023197898299791,house
h_1291,0.633821905773832,0.41417625629778804,house
h_1292,0.6381805074914102,0.7656320414553358,house
h_1293,0.5323649933419212,0.8626851384050569,house
h_1294,0.6331388343117648,0.48741429899979316,house
h_1295,0.6129204334775761,0.33049646055676984,house
h_1296,0.6403792895806163,0.7715913339037891,house
h_1297,0.08317010561010789,0.27190793499173704,house
h_1298,0.7123711383916671,0.2322936034838988,house
h_1299,0.5387393376744393,0.681486255079445,house
h_1300,0.6482185828678604,0.39801382408477454,house
h_1301,0.4643697183028928,0.8935419302934904,house
h_1302,0.7030677818207722,0.6217375050639192,house
h_1303,0.647235838472815,0.7982844245204233,house
h_1304,0.09764971089978325,0.2661262037599347,house
h_1305,0.5448724721709929,0.8846505783137272,house
h_1306,0.49808924002920657,0.3104500257305582,house
h_1307,0.49855461306962157,0.8803908533924443,house
h_1308,0.28146690873753133,0.8644872792097835,house
h_1309,0.26474336220150135,0.8321047864994647,house
h_1310,0.49435876736416523,0.8540053496828097,house
h_1311,0.5410578926436631,0.33725949017629053,house
h_1312,0.5571220476413775,0.4225295979002568,house
h_1313,0.5492862103557387,0.5029252006645123,house
h_1314,0.5383323058606638,0.7569605873034981,house
h_1315,0.2725029234212041,0.8496951443646221,house
h_1316,0.5698607640269813,0.5115571760298331,house
h_1317,0.7009037971828316,0.6524151479934002,house
h_1318,0.2603140555717148,0.8228969262606862,house
h_1319,0.37817091774650236,0.20840926047868463,house
h_1320,0.5695380994497425,0.5539235890064304,house
h_1321,0.6422307039360818,0.3971657341640517,house
h_1322,0.44258677762806103,0.3374371792486005,house
h_1323,0.4785662366031216,0.8802873910292833,house
h_1324,0.5417305466352466,0.31351078256719955,house
h_1325,0.5631805805121651,0.5216043499857826,house
h_1326,0.6058086153371293,0.41293094683562287,house
h_1327,0.15843458956353468,0.326608156491591,house
h_1328,0.207755991211504,0.3355275580064931,house
h_1329,0.5191697568578515,0.9164595452348483,house
h_1330,0.6671820330127305,0.5586762372671018,house
h_1331,0.5926773492731505,0.4914637684786819,house
h_1332,0.54197914131551,0.3324112062991851,house
h_1333,0.8755158280256664,0.2977435755859212,house
h_1334,0.4425550065337089,0.32937525264052053,house
h_1335,0.13527681979260173,0.383962622728371,house
h_1336,0.5101378905067447,0.31754935068926726,house
h_1337,0.6163429902915963,0.6435731543323059,house
h_1338,0.5799151847458047,0.48522590890803613,house
h_1339,0.11770566342369738,0.26870748405731976,house
h_1340,0.34262900152552234,0.9090319543139297,house
h_1341,0.24879175150029484,0.8129181206877835,house
h_1342,0.5196861106329427,0.8584293599909177,house
h_1343,0.531151897206376,0.6308775431358408,house
h_1344,0.6111775270197992,0.5354541316620155,house
h_1345,0.19092095187781652,0.2777943405405304,house
h_1346,0.563261817278332,0.5619595672449507,house
h_1347,0.5404987326894886,0.31955158535871697,house
h_1348,0.07487862772992773,0.22052440869806633,house
h_1349,0.6192419880451352,0.7594344398753599,house
h_1350,0.47587327403671326,0.850391700275812,house
h_1351,0.19166388669591186,0.3384748458907072,house
h_1352,0.3143169200581041,0.8223107042694844,house
h_1353,0.5387678299014044,0.6534571496053696,house
h_1354,0.5774175357785214,0.4343493623685432,house
h_1355,0.22225563463467554,0.7915222291219681,house
h_1356,0.25127864804383265,0.8162826382448318,house
h_1357,0.5484104135697633,0.6386608250341679,house
h_1358,0.6277514290632584,0.2629102216578128,house
h_1359,0.5889899967220734,0.7620355061836346,house
h_1360,0.5917486510711291,0.9191164348315418,house
h_1361,0.614272943662559,0.5041092162127845,house
h_1362,0.6241600234269403,0.4279047966143777,house
h_1363,0.40444624854628103,0.3496006026604044,house
h_1364,0.5136247347066082,0.8729373826610227,house
h_1365,0.548220557897231,0.7668418198967948,house
h_1366,0.3212280941272379,0.8311093522951383,house
h_1367,0.2083745778104903,0.23549057669184195,house
h_1368,0.6524988276635766,0.39724425521540857,house
h_1369,0.8955021458208436,0.7451985628457773,house
h_1370,0.4788719113281194,0.8941891964061688,house
h_1371,0.47338173054663596,0.3251219115724917,house
h_1372,0.6598681047326763,0.4156942778174631,house
h_1373,0.5339667313677638,0.8810817969329312,house
h_1374,0.11776051096060518,0.2482322596387138,house
h_1375,0.12252963488398409,0.1697991143700975,house
h_1376,0.5776980485368461,0.50238076989517,house
h_1377,0.4771825288686163,0.8421472336543843,house
h_1378,0.6417833759727427,0.8638789086511784,house
h_1379,0.15774365305964955,0.33091617799574224,house
h_1380,0.5402275169078168,0.7549459232828698,house
h_1381,0.6474719508441239,0.3990695009623078,house
h_1382,0.5807519177840977,0.7800219712954801,house
h_1383,0.5577548464345272,0.5411123845396012,house
h_1384,0.4383659191672437,0.8944936449702965,house
h_1385,0.5538839456194182,0.4540595800636247,house
h_1386,0.6836813314010631,0.1951424652079014,house
h_1387,0.40752291924450457,0.3283919010981679,house
h_1388,0.2666846325986695,0.8549703669059658,house
h_1389,0.5766332872313285,0.9384823538798089,house
h_1390,0.6130175181027886,0.5267057603481794,house
h_1391,0.5448734767046368,0.3171762453485585,house
h_1392,0.6172437331940395,0.517732149365182,house
h_1393,0.5695236060079015,0.5518744685099576,house
h_1394,0.6954389149940817,0.5102442939986203,house
h_1395,0.12374933963328205,0.3420655416153935,house
h_1396,0.6134401528027584,0.5254577309780261,house
h_1397,0.5270509494897657,0.9520488567943927,house
h_1398,0.2866073474330285,0.824844248332936,house
h_1399,0.5867800815589994,0.9110037399170399,house
h_1400,0.16469338208670017,0.33138699147053924,house
h_1401,0.7085445305524003,0.19103184124717984,house
h_1402,0.5688638404873628,0.43097697586147304,house
h_1403,0.47827974941949836,0.3331690012767335,house
h_1404,0.4807449206399735,0.8611016352770979,house
h_1405,0.5501952480731708,0.8693424454100136,house
h_1406,0.7446477648441532,0.14389921150474957,house
h_1407,0.5091413748686685,0.8720031783820769,house
h_1408,0.20563597024936792,0.3378415157378978,house
h_1409,0.636165539838663,0.38882753888641663,house
h_1410,0.498361578231941,0.8362323034354318,house
h_1411,0.5153466257486646,0.8952073743050496,house
h_1412,0.5640256494797747,0.48778636472411835,house
h_1413,0.39864644962260404,0.8796147597231405,house
h_1414,0.26636979349071327,0.8508206388359045,house
h_1415,0.5537850990740866,0.5154647813868972,house
h_1416,0.7535925433467672,0.3788044387857315,house
h_1417,0.476427854882984,0.842820921279448,house
h_1418,0.49837992858287566,0.9057260258851266,house
h_1419,0.6281090065116625,0.8797770752941936,house
h_1420,0.5691276333050386,0.5420414143800057,house
h_1421,0.41337456055502214,0.334697054281939,house
h_1422,0.6315166768565953,0.8746844689427175,house
h_1423,0.881535256162928,0.5873427819289775,house
h_1424,0.5993387428992021,0.7246543161197259,house
h_1425,0.6887211082726497,0.5412458206969339,house
h_1426,0.08587034849555052,0.26035109233424647,house
h_1427,0.4425473877330932,0.3277948278378625,house
h_1428,0.6673330322222998,0.8397179915921501,house
h_1429,0.6720295369419534,0.2791342037387684,house
h_1430,0.4272086257578967,0.3218485433545852,house
h_1431,0.5794780778035644,0.7647496789552782,house
h_1432,0.2776775933037988,0.8506853907569746,house
h_1433,0.5531624483241127,0.4906905913664777,house
h_1434,0.5771680968841244,0.576546119994694,house
h_1435,0.5474132421582044,0.6547393919676229,house
h_1436,0.6002787885263379,0.3351196090424583,house
h_1437,0.707389577780812,0.6236325572321624,house
h_1438,0.6122316451971513,0.5028091274800839,house
h_1439,0.42649447336537477,0.21207322861430106,house
h_1440,0.469819964740869,0.34528865871337516,house
h_1441,0.2594314613544503,0.837842767069274,house
h_1442,0.6141070442791264,0.4137413627401978,house
h_1443,0.5919996201036383,0.6670557960024183,house
h_1444,0.4893245825262177,0.8961419190663331,house
h_1445,0.5495160476532486,0.31860057342269027,house
h_1446,0.5859010963571512,0.5135492386653965,house
h_1447,0.5972627110523574,0.5022187671570164,house
h_1448,0.24311401573536065,0.31655749668356964,house
h_1449,0.08994249827647384,0.2726879248521844,house
h_1450,0.5426368368879357,0.32894908488568164,house
h_1451,0.649308647984473,0.8723451047130137,house
h_1452,0.5587468168840187,0.4949643466111912,house
h_1453,0.1685574029335141,0.3320342426863812,house
h_1454,0.6297057583977876,0.8581722113686632,house
h_1455,0.23192815210100398,0.24112813790921075,house
h_1456,0.5591765746407312,0.432070464264038,house
h_1457,0.8804494648803631,0.577373423908865,house
h_1458,0.13660621961571262,0.23996439961900698,house
h_1459,0.31096382589553395,0.8241530664437319,house
h_1460,0.5387141431589323,0.5355142650921622,house
h_1461,0.6313337989701905,0.7635723845737582,house
h_1462,0.6076241769736638,0.5346042690217505,house
h_1463,0.8848887319178225,0.27068001263842767,house
h_1464,0.4139187766473829,0.8723949020186794,house
h_1465,0.5411896691933736,0.336567191026683,house
h_1466,0.2837794939068177,0.8584866084066568,house
h_1467,0.43729954743150073,0.34516862027083406,house
h_1468,0.6726326224127,0.5604310558926181,house
h_1469,0.5541334504680445,0.4993000364450188,house
h_1470,0.2737293357156013,0.8393737711532827,house
h_1471,0.5611540143371297,0.8224930659724694,house
h_1472,0.5443475576819189,0.3199463804454652,house
h_1473,0.5772396289565834,0.5283105929903842,house
h_1474,0.43713629375486157,0.31932572002397874,house
h_1475,0.07694088456492908,0.2646074964141848,house
h_1476,0.6349226851549574,0.40108990973205216,house
h_1477,0.20451641369922124,0.34567250464952604,house
h_1478,0.2373863130464714,0.24143221146262855,house
h_1479,0.6644645382681545,0.5461924493505023,house
h_1480,0.20826132120830737,0.23638684287499304,house
h_1481,0.5819517571195941,0.5659530427429657,house
h_1482,0.5429001525521335,0.32756386092066736,house
h_1483,0.49753411647385115,0.8353785825229605,house
h_1484,0.5820210655923292,0.6898572655323191,house
h_1485,0.31630713603088073,0.8637684339564411,house
h_1486,0.5637563609320707,0.42246984682143196,house
h_1487,0.527019930708487,0.8607417510751665,house
h_1488,0.8924995399692514,0.5748197691605974,house
h_1489,0.6198754652246435,0.8798627915016859,house
h_1490,0.7074868349016988,0.5279487897399117,house
h_1491,0.45507042922352803,0.33690875238601475,house
h_1492,0.45582373487304206,0.3608627751895739,house
h_1493,0.8920266707595967,0.1909353099603964,house
h_1494,0.5537326937280654,0.5146932014489386,house
h_1495,0.6760495527313953,0.21425798388606584,house
h_1496,0.46432785055826986,0.9503675004185576,house
h_1497,0.6576165064968229,0.873897381432418,house
h_1498,0.34635246071930975,0.9061479480511218,house
h_1499,0.5678019368118914,0.571977543466048,house
h_1500,0.5122022578770801,0.8934725856732998,house
h_1501,0.2666924679610845,0.8323125075275813,house
h_1502,0.883474805154717,0.2727003264411172,house
h_1503,0.6429655659565362,0.8704318188572411,house
h_1504,0.5289730332943539,0.6460163079777271,house
h_1505,0.5850301407829,0.683244770820795,house
h_1506,0.12786765360574925,0.19856096878094232,house
h_1507,0.587784596937725,0.5806466905230693,house
h_1508,0.34516765894804446,0.9070564147163575,house
h_1509,0.5779840562246619,0.6709899127040062,house
h_1510,0.599979686097441,0.3642207133249877,house
h_1511,0.6578513299340529,0.26694029115355233,house
h_1512,0.6380881715706919,0.8567090920182024,house
h_1513,0.5945990081803016,0.8430586990915062,house
h_1514,0.5958543150224604,0.3290657715475683,house
h_1515,0.28896222999162996,0.8590722315463873,house
h_1516,0.5631055999757287,0.5319835985199892,house
h_1517,0.4701564104542737,0.8689389803838732,house
